CodCadEmpresa,LocalPgtoCarneBoleto,TextoRespCedente,LocalFoto,Cadastro_Empresa,Tipo_Regime,Contribuinte_IPI,ficheiro,CNPJ,Cidade,Endereco,Nomeemp,versao
46,,,,"NOME DA EMPRESA
Endereço:
CNPJ:00.000.000/0000-00 CEP: 00000-00 - CENTRO - Cidade/UF
Fone: (XX) 0000-000",,,2_EMPRESA.jpg,,,,,
47,,,,"NOME DA EMPRESA
Endereço:
CNPJ:00.000.000/0000-00 CEP: 00000-00 - CENTRO - Cidade/UF
Fone: (XX) 0000-000",,,2_EMPRESA.jpg,,,,,
48,,,,"NOME DA EMPRESA
Endereço:
CNPJ:00.000.000/0000-00 CEP: 00000-00 - CENTRO - Cidade/UF
Fone: (XX) 0000-000",,,2_EMPRESA.jpg,,,,,
